username,display_name,num_reviews
schaffrillas,James (Schaffrillas),1165
kurstboy,Karsten,1571
draper_,anto,812
justinwuah,justinwuah,340
colonelmortimer,matt lynch,5600
jay,Jay,1597
timtamtitus,timtamtitus,753
zoerosebryant,zoë rose bryant,2386
jonathanfujii,jonathan fujii,687
jaragon23,CinemaJoe,1391
davidlsims,David Sims,1580
neorapp,neorapp,18
deathproof,Lucy,1864
aarnwlsn,aaron,1492
framesofnick,Framesofnick,818
thejoshl,Josh Lewis,4276
davidehrlich,davidehrlich,2719
ingridgoeswest,#1 gizmo fan,1242
ahbr,allain♡,414
superpulse,Matt Singer,3034
silentdawn,SilentDawn,2989
suspirliam,˗ˏˋ suspirliam ˊˎ˗,3403
zer0mile,𝐉,49
joshuacaine,JoshuaCaine,1004
tototoro,sree,1562
cobbb,cob,1946
alexcolemann,alexcolemann,828
girlsnoopy,⋆ ˚｡⋆୨୧˚ mak ˚୨୧⋆｡˚ ⋆,429
itsrambb,ram<3,3739
lilithritter,júlia,914
sophiedarcy,sophie,896
sapphicquinn,•lily•,1218
iman_vell,Iman Vellani,90
usercillian,maria,643
connoreatspants,ConnorEatsPants,141
henryspencerirl,mary,1474
ceryslovesfilm,cerys,442
stk5,Sydney🚀,795
jeaba,jeaba,1229
georgecarmi,George Carmi,1328
coreywagstaff,corey👻,2130
childrenofmen,cinéfila... 🕯️,883
joshuapictures,JoshuaPictures,279
eely,eely 🪷,3073
whentheometfilm,theo,1361
brat,mia lee vicino Crew,590
leeyim,liam f,2204
imogenbella_,Imogen Bella,118
mancarrying,Jake,163
elementarii,amaya,739
franhoepfner,fran hoepfner,2321
riverjphoenix,ciara,637
moviesrtherapy,Kit Lazer,889
mikesmic,mikesmic,35
kfavs,kayla,862
mcumagik,joe,1692
rickdeckard,Bryan Espitia,2842
seanfennessey,Sean Fennessey,618
amandathejedi,Amanda the Jedi,825
sethsreviews,Sethsreviews,945
siooo,siobhan,1138
willhunting,shay,762
evanac,EvanAC,471
alor,alor,961
clairacurtis,claira curtis,3248
murielcampos,Muriel,962
clockworkking,ClockworkKing,2208
alexgiu,alexgiu,301
ellakemp,Ella Kemp Crew,1802
lovelltrin,trin,401
barbiesswanlake,👽 Zara 👽,2874
tyllerdarko,ash vs. films 🪓,228
comrade_yui,comrade_yui,3725
davidfinchher,Ellie ✨,906
dirkh,DirkH,2104
menslaughter,noen,720
mrmoviesrd,"Rafael ""Mister Movie"" Jovine",8962
ellefnning,bel,1281
gamegeek,Daniel,2741
nycsubwayrat,lauren,1191
chatterb0xd,Preet,400
heyitsvasili,vasili,1828
blueghosts,Blue Ghosts,630
moviecoop,coop,29
hollieamanda,hollie amanda,585
will_sloan,Will Sloan,4257
iovewitch,haley,2982
regelegorila,Regelegorila,312
ilyclemmie,clementine,570
eddyburback,eddyburback,90
leslieburke,issy 🥝,1199
fuchsiadyke,Sally Jane Black,4572
aniesbaswedan,Anies Baswedan,1
artwithin,H. Coley,1161
mulaney,mulaney,673
ashmatxx,ash,2221
hauntedhippie,Haunted Hippie,1944
jlalibs,Justin LaLiberty,7151
frejaoneill,frejaoneill,312
hstrawberry,hunter strawberry,263
hewasthrfriendd,🌻 lindsay 🌻,2328
davechen,David Chen,719
joj66,joj66,638
wafellow,Wafellow,90
cantinaband,Wes,1202
megbitchell,Megan Bitchell,622
coffeevirus,coffee,1702
alexlawther,andrea🌹,527
swjerr,jer ☘️,262
luciacoronado_,lucia🎞,591
sapphical,aliyah,638
niceguys,shannon,627
elihayes,Eli Hayes,2218
darrencb,Darren Carver-Balsiger,3364
hauteprincesses,p e r s i a 🍒,562
jjbjr,john,1262
aegxpredator,Mario 🟠🟢🔵,5011
jack,Jack Moulton Crew,4366
kyloz,Kylo,2408
filipe_furtado,Filipe Furtado,11732
russman,russman,8015
kun,Hungkat,959
shookone,shookone,4301
enniomorricone,Erik 🎼,1159
sarahlovett,sawah 🦖,996
cineaccess,james💫,2082
vicsptln,Vitka,255
m__ollymac,molly,948
bailey0,Bailey,101
prilosec,Prilosec,195
elaurapictures,Laura,1379
jacquelinelai,jacquelinelai,26
mammothmafia,hugeasmammoth,521
aarghand,anna,274
phrynefisher,clownhead,902
sophiaplanos,☆ sophie ☆,1237
evasive,Evasive,1701
mogwai_synth,Mogwai_Synth,635
vetzmovies,Joel,676
bethanyinfilm,Bethany,1304
grifflightning,Griffin Newman,205
cinemavoid,CinemaVoid 🏴‍☠️,1873
kristenyoonsoo,KYK,2641
notmerii,mary,357
estheronfilm,esther,938
peskypaul,peskypaul,871
screeningnotes,ScreeningNotes,3399
touyacel,⠀,62
junkmaiill,ཐི༏ཋྀ󠀮 ༻𝕙𝕒𝕝𝕖𝕪༺ ཐི༏ཋྀ󠀮,781
juggernaut323,{Todd},10694
fcbarcelona,fcbarcelona,16
brendohare,brendan o'hare,383
cinemonika,cinemonika,657
melodramafilms,mathew,317
marshayame,Marshall 🌞,1246
dave,Dave Vis,234
bobbywags,Bobby Wagner,448
breramjit,bre,1046
rendyjones,Rendy Jones,2044
kyledunne,kyle,1418
lilyblumski,Lily,52
matthewelliss7,Matthew Ellis,437
giggly_governor,dipshit,5
arkhamoutlaw10,Logan Kenny,1557
cswood,Supernatural Horror,2140
benjigotfried,Benjigotfried,1788
gregs1999,gregs1999,3605
benoftheweek,benoftheweek,613
paulswhtn,Paul,2486
yijian,YI JIAN,1195
maaapple,Maaapple,176
hzjoett,Joe,120
cuqui,cookie,817
bertz,B E R T,4744
3c_films,Cris Parker,101
brofromanother,Adam Nayman,454
tylercwhitmore,Tyler Whitmore,1947
ghostxd1,𝙂𝙝𝙤𝙨𝙩𝘽𝙤𝙭𝙙,524
yazzjames,yazz! *･ﾟ✧,996
miakhalifa93,Mia K.,77
mjohnson18,Matt!,545
kylercrews,Kyler,2878
imstuckinahole,sam,244
oscos,mariano,666
jurassicstark,Holly-Beth,1972
flynnryder,lauren,1877
kurtis_conner,kurtis_conner,17
themagicworlds,cariel,1356
hepburnluv,alanisㅤ󠀠󠀠󠀠,638
thomasflight,Thomas Flight,906
traintobusan,rachel,1592
karenhan,karen h.,755
zaragwen,ZaraGwen,5643
citizenhal,HAL,4060
amanistar,amanistar,436
soyunapringada_,Esty,172
itsnacool,Nakul,1132
elcochran90,Edgar Cochran ✝️,4908
jbouie,Jamelle Bouie,1019
mildredsfierce,Sara Clements,2340
alovelynite,ty,3138
drewisgooden,drew gooden,25
apocalypsenow,👽hayley👽,629
haiduc,Haiduc,952
dirkbogarde,Chris 🍉,2966
kevflixandchill,Kevflix And Chill,2054
sammyjreacts,Sammy,614
incomingmail,ava adore,2296
valthemovieguy,ValTheMovieGuy,142
annreinking,Robin,3932
nevermore1985,Ian West,3141
vortexd,‮🐌‬,170
jakeperalta,nora,4542
chloeac,chloe 💓,1060
geneparmesan,Brett Arnold,3735
zoltarak,Joe,6540
justindecloux,Justin Decloux,6689
ksenijab,ksenija,146
marianjune,Marian,702
truman,tru,1408
roberto_,Roberto_,147
aksually,aksel,558
rudimh,rudi,642
carleythorne,carley :),227
catelyn,Willow Maclay,1671
darkestparadise,liza,780
finnpoe,dani✨,709
pointbreakfan,Evan,990
madihatesfilm,Madison 🎭,2972
funeralroses,Holli,944
theendofcinema,Sean Gilman,3587
elsergiomunoz,Sergio Muñoz Esquer,1257
andredenervaux,Andre de Nervaux,1775
jakepcole,Jake Cole,2716
rubenjpotter,ruben,398
dakotajoaquin,Dakota Joaquin,661
kanye,allison,1375
whyandre,andre,1780
evilbjork,evilbjork,4540
overdeclined,meyi☆,972
discovery_17,Discovery_17,522
cathyk,cathy,330
dayaonfilm,vitor,402
jbird26,JBird,2632
lucyskeet,lucy,1888
mardarrius,MarMar,1498
leahp22,Leah 🥀,918
moviemattk,moviemattk ✌🏻,823
serenditpity,aurora 𖦹,907
cartoonshi,Cartoonshi,321
lesserbohemian,aurora ꨄ,516
tonyterror,Tony the Terror,2969
hailliackerman,Hailli,797
neilbahadur,Neil Bahadur,1329
thejoelynch,Joe Lynch,3153
sharktale,megan,2968
thatcvnt,♤,106
favzscream,vitor,857
ghostfacereveal,esau,766
sammmbennettt,𝙨𝙖𝙢𝙢𝙢𝙗𝙚𝙣𝙣𝙚𝙩𝙩𝙩,532
pudgymccabe,Jerry,2392
tedsmovies,Teddy,654
jaimerebanal,Jaime Rebanal 🇵🇸,5724
aboutlalalala,sofi✨,1951
flynnslicker,flynn Crew,771
14oliveiraaa,rodrigo ϟ,65
henrxgst,gusta,305
wtvrnvm,alina 🦇,174
sarahabob,sarah,1470
bobbyfinger,Bobby Finger,849
impressionblend,Marianna Neal,2130
grooveman,Grooveman,2041
kennyg07,kenny,461
miguelaraiza,Miguel Araiza,710
ihe,IHE,155
jackednerd,jackednerd,1194
oliviathebi,olivia 🏳️‍⚧️ 🍉,3010
leahonfilmm,˚⊱leah⊰˚,613
dselwyns,Sarah,2427
codymonster91,Cody,2943
damdaaamm,Adam Putra,4181
philippeleao,Philippe Leão,1074
zacblonded,zac.blonded,1155
reservoirdvgs,kait 𐚁₊⊹,406
alexil,Lexi 𐙚,982
cilliansheart,chloe,878
campbart,sydney,2370
chxorlie,chxorlie,142
dahans,san,1015
ab70xi,𝐀,113
stuntyblunt,mckenna ୨ৎ,408
k1llingfilms,tamar,358
radiohead_swag,Sam,1047
letmeexplain,LetMeExplain,655
stevenss_13,Sam🦧,572
riotglasses,jourdain searles,1283
psychedelicmads,m,392
chrisemza,Christian Ha,1645
ziwe,ziwe,195
hishamahmed,H-I-S-H-A-M,250
cinemaphil,phil,1070
zyrohrvy,Harvey 🎉🎆 🎉,1018
sydmaea,sydney a,79
troyoboyo17,Troy,226
pd187,pd187,2601
kodak_cameron,Cameron Kozak,838
etolkin,Emma Tolkin,695
strangeharbors,Jeff Zhang,283
sarahsquirm,sarah squirm,278
jah776,kailey,359
haydenstarkey,nicole,846
syauqiansyah,Rizki,1686
annakendrick,samantha,314
jakealdacoffey,Jake Alda Coffey,6486
kevintporter,kevintporter,1162
cobrarocky,COBRARocky,395
jameskl,Michael James,2596
jennyslate,Leticia Fernandes,602
mattjpg,mátt 🧸,1152
fake_shemp,Rachel Rhodes,6210
briantt,Brian Tallerico,2269
seahorseronan,Emma 🔆,651
oppenmommy,Sophie Holsinger,485
cevangelista413,Chris Evangelista,2410
jackfolla,JackFolla,107
timcop,Timcop,6016
tobethharmon,Theyo Theyo,1676
vontrapp,stevie,670
bjstreu513,Brandon Streussnig,1762
reibureibu,reibureibu,1977
kylielemaster,kylie,2203
swiftlybytaylor,shauna shipman’s flannel,2041
lostinafilmseen,lostinafilmseen,102
filmexpress,Stringer Bell,4135
taylorfilmguy,Taylor Williams,1126
hallofjeremy,Xeremy Hall 🟠🟢🔵,2789
shrekfan1234,shrekfan1234,748
magrosleau,magrosleau,0
qmoviereviews,Quintin,2705
nickmcc2,nick,2527
kennedylizrose,kennedy,814
colinfirths,georgina,495
sweetaslemons,diana 🐈‍⬛,705
pobrecito,laird,2724
theblogosfear,single white femalien,2204
nolanscheetz,nolan,452
filmsbi,nadia,1077
shutupmikeginn,Mike Ginn,592
flanaganfilm,Mike Flanagan,103
agastak,oppie,495
blackswannss,tawni─ ⊹ ⊱ ☆ ⊰ ⊹ ─,664
fconnor,Connor,46
mank,abigail.,368
gremlita,mina,275
adaydreaming,ৎ୭ ⋅₊🐞˚⋅ ⪩ moon ⪨ ‧˚🐞₊⋅ ৎ୭,2095
fantic,Fantic The Lister,0
larallh,lara 𐙚,607
dreguerr,dreguerr,118
jordanwilliams,Jordan Williams,325
lexiamoriello,Lexi Amoriello,1366
pymparticles,Pablo Honey ✨ ₊˚ ☾. ⋅ 💫🌌,678
mahmus,Felipe,2027
gemko,Mike D'Angelo,5016
theanglosaxon,legolas,2154
chrisvfeil,Chris Feil,1962
justbrianna,Brianna,990
timeistheking,Bruno Andrade,2230
freyainthcities,freya.,384
philbertdy,Philbert Dy,2197
chlochl,chloé†🩸,114
louispeitzman,Louis Peitzman,1085
vinny_simms,Vinny Simms,966
alexxaaa,alexa🪼🫧🪩,520
nickwibert,nick,689
lennylobster,Lenny,699
meggie19,♡megan♡,1119
fa1ryvub,lucy . ۫ ꣑ৎ,233
indiasfilms,india,1877
movius,Movius⎊,354
graceowen,grace,900
safethrucloth,Eustace,321
mjthornton,𝕭laze the 𝓐ction 𝕵unkie,3405
martinisheen,robyn,2980
thejacko,Jack,1651
falgabara,Bara Prima,397
hivemindriley,riley savage,77
cjwalsh27,Cam Walsh,1876
math_vdd,Matheus Dias,157
aspecht,Abby,953
paulscheer,Paul Scheer,458
ethan_mateo,Ethan Ethan,1851
strawberryskyy,Anna🍓,1655
nickofdasouth,nick,1642
balanders,sam,1282
nadiaalexeev,brokebacker4ever,274
laniepm,lanie,777
ianamurray,iana,126
gabbwoo,gabby!,638
scissorluvs,jay,1313
mskiesha,Frandi Peralta,271
leannechlxe,lea ༉‧₊˚🪽🕯️ ᩚ,902
jojo731,Joe Bro,1671
lilfilm,Sean Baker,857
schlockvalue,Liz,3220
hooviesmovies,hoover,341
angelicajade,Angelica Jade Bastién🪼🌷,878
grimkujow,Grimkujow,135
harinef,Hari Nef,194
reel_takes,Dan Monaghan,268
criticallemon97,CriticalLemon97,576
ndc32002,ndc32002,1206
ariella147,Alli,228
cstanley13,caroline ౨ৎ,665
movieguyjustine,Justine,199
phoebejl,phoebe 💫,1839
avalynwu,Avalyn Wu,2641
cineflek,Ethan Colburn,701
menzayd,benton tarantella,994
columned,Columned,1271
madisqnn,⋆.ೃ࿔*:･🌙 ɱąɖʂ 🪲 ੈ✩‧₊˚,721
dumbsville,dumbsville,419
alimovieguy726,Ali,1090
katiewalshstx,Katie Walsh,1458
heythisisjames,Movie Good or Movie Bad?,4516
lilenr1que,Enrique 🕹️,819
browsehorror,Cire,363
brianformo,Brian Formo Crew,2653
tediously_brief,michelle grondine,1490
maiapog,maiapog,495
settingsun,🇵🇱 Steve G 🐝,10336
paulschradernot,Paul Schrader,619
miag0th,mya,1837
purpl3pin3appl3,Joel C,331
okony,Okony,121
ladieswholunch,𝐇𝐞𝐚𝐭𝐡𝐞𝐫 🌷,2176
rachelleishman,Rachel Leishman,1602
austinburke,Austin Burke,1912
nibiru_truth,cameron fetter,1752
sunset99,sun,465
alewatchesfilms,alewatchesfilms,1311
wizardchurch,Hannah,998
hammerbros94,Wesley R. Ball,1650
willhollis,Will,1270
clarajarl,✩clara✩,692
thenotoriousjac,thenotoriousjac,95
iam_sherlocked,✨ Just Sam ✨,547
natb294,nat🥀,418
unawarewolf,nathaxnne [goodbye <3],1703
lalithhhh,lalith,207
elliebean,elliebean,698
oconnells,belle,827
vitaminc1,VitaminC,494
sydstv,Syd,260
b1mb1m,bimbim,834
mollyy,molly,582
flatescargots,Jessica Wessica,329
cameronsilas,cameronsilas,198
markmooney,Mark Mooney,3893
drqas,andrea 𝝑𝑒,179
evrybdytlks,nico,804
syaoran,Syaoran,472
axel_prus,Axel Prus,130
itsdrewclark,Kenneth Clark,923
moviesarelife1,Andrew Da Gawd,9168
lautengcokj,kj,252
supremelemon,SupremeLemon (지존레몬),881
jompatron,JOMPATRON,430
slig001,Slig001,3032
emilystjams,Emily St. James,592
ryangosling,Dan,1010
corneliastlight,sage,674
dkxel,Dkxel,892
tvglow,tyler,319
fly80,fly80,384
doodlebarb,DoodleBarb🪼,1098
cinemaclown,CC,2180
miniuniverse,Miniuniverse,810
yapper7781,Evan,1120
punchdrunklizzy,lizzy deane,2219
lucam8a,luca mehta,1859
yeshomo,Lia Allison,119
thehandmaiden,deah,222
brandonlikes,BrandonLikes,949
popofett,Mister Cap,1932
loomis5678,Jesse,2055
lastcooldude,Wood,4261
erinlindsayy,Erin 🍺,768
tomatopastes,branny,22
_isocertified,iso,385
larsenonfilm,Josh Larsen,2215
chvx,chvx,57
adrianam,adrie,624
ginnyweasley,lain,1713
duckbrayden,duck,804
martinslisbon,martins,1803
verasaidthat,Sarah Hagi,172
sonnywortzik,Vivian,4015
johncassavetes,sarah,441
sakana1,sakana1,4184
silentjoe13,Silent J,2532
