username,display_name,num_reviews
schaffrillas,James (Schaffrillas),1164
kurstboy,Karsten,1571
justinwuah,justinwuah,340
draper_,anto,811
jay,Jay,1597
colonelmortimer,matt lynch,5599
timtamtitus,timtamtitus,753
jaragon23,CinemaJoe,1390
zoerosebryant,zoë rose bryant,2386
neorapp,neorapp,18
davidlsims,David Sims,1578
jonathanfujii,jonathan fujii,686
deathproof,Lucy,1864
aarnwlsn,aaron,1492
thejoshl,Josh Lewis,4275
davidehrlich,davidehrlich,2718
ingridgoeswest,#1 gizmo fan,1242
framesofnick,Framesofnick,817
superpulse,Matt Singer,3034
silentdawn,SilentDawn,2987
suspirliam,˗ˏˋ suspirliam ˊˎ˗,3403
ahbr,allain♡,411
tototoro,sree,1562
joshuacaine,JoshuaCaine,1003
alexcolemann,alexcolemann,828
cobbb,cob,1944
zer0mile,𝐉,47
girlsnoopy,⋆ ˚｡⋆୨୧˚ mak ˚୨୧⋆｡˚ ⋆,428
itsrambb,ram<3,3738
lilithritter,júlia,914
sophiedarcy,sophie,896
sapphicquinn,•lily•,1218
connoreatspants,ConnorEatsPants,141
usercillian,maria,643
joshuapictures,JoshuaPictures,279
henryspencerirl,mary,1474
iman_vell,Iman Vellani,90
jeaba,jeaba,1229
georgecarmi,George Carmi,1328
childrenofmen,cinéfila... 🕯️,883
stk5,Sydney🚀,794
ceryslovesfilm,cerys,442
eely,eely 🪷,3072
coreywagstaff,corey👻,2128
whentheometfilm,theo,1359
brat,mia lee vicino Crew,590
leeyim,liam f,2203
elementarii,amaya,738
mancarrying,Jake,163
riverjphoenix,ciara,637
franhoepfner,fran hoepfner,2321
moviesrtherapy,Kit Lazer,889
kfavs,kayla,862
rickdeckard,Bryan Espitia,2842
mcumagik,joe,1690
imogenbella_,Imogen Bella,118
mikesmic,mikesmic,35
seanfennessey,Sean Fennessey,618
amandathejedi,Amanda the Jedi,825
siooo,siobhan,1142
willhunting,shay,762
alor,alor,961
clairacurtis,claira curtis,3245
murielcampos,Muriel,962
evanac,EvanAC,470
comrade_yui,comrade_yui,3724
barbiesswanlake,👽 Zara 👽,2873
ellakemp,Ella Kemp Crew,1802
sethsreviews,Sethsreviews,944
davidfinchher,Ellie ✨,906
lovelltrin,trin,401
alexgiu,alexgiu,300
dirkh,DirkH,2104
clockworkking,ClockworkKing,2207
tyllerdarko,ash vs. films 🪓,225
mrmoviesrd,"Rafael ""Mister Movie"" Jovine",8959
moviecoop,coop,29
gamegeek,Daniel,2734
menslaughter,noen,719
eddyburback,eddyburback,90
ellefnning,bel,1281
nycsubwayrat,lauren,1191
heyitsvasili,vasili,1827
chatterb0xd,Preet,400
hollieamanda,hollie amanda,585
iovewitch,haley,2982
will_sloan,Will Sloan,4255
leslieburke,issy 🥝,1199
fuchsiadyke,Sally Jane Black,4572
blueghosts,Blue Ghosts,629
ilyclemmie,clementine,570
regelegorila,Regelegorila,311
artwithin,H. Coley,1161
hstrawberry,hunter strawberry,263
hauntedhippie,Haunted Hippie,1943
mulaney,mulaney,673
jlalibs,Justin LaLiberty,7150
hewasthrfriendd,🌻 lindsay 🌻,2328
luciacoronado_,lucia🎞,591
davechen,David Chen,719
aegxpredator,Mario 🟠🟢🔵,5009
frejaoneill,frejaoneill,311
cantinaband,Wes,1201
wafellow,Wafellow,90
joj66,joj66,638
coffeevirus,coffee,1701
alexlawther,andrea🌹,527
ashmatxx,ash,2220
hauteprincesses,p e r s i a 🍒,561
elihayes,Eli Hayes,2218
sapphical,aliyah,637
filipe_furtado,Filipe Furtado,11731
niceguys,shannon,627
russman,russman,8014
darrencb,Darren Carver-Balsiger,3363
kyloz,Kylo,2406
megbitchell,Megan Bitchell,622
jjbjr,john,1262
swjerr,jer ☘️,262
jack,Jack Moulton Crew,4365
shookone,shookone,4299
enniomorricone,Erik 🎼,1159
prilosec,Prilosec,195
kun,Hungkat,959
cineaccess,james💫,2081
m__ollymac,molly,948
sarahlovett,sawah 🦖,995
vicsptln,Vitka,253
elaurapictures,Laura,1379
grifflightning,Griffin Newman,205
mogwai_synth,Mogwai_Synth,635
bethanyinfilm,Bethany,1304
mammothmafia,hugeasmammoth,521
phrynefisher,clownhead,902
sophiaplanos,☆ sophie ☆,1235
aarghand,anna,274
cinemavoid,CinemaVoid 🏴‍☠️,1872
evasive,Evasive,1700
touyacel,⠀,62
vetzmovies,Joel,676
junkmaiill,ཐི༏ཋྀ󠀮 ༻𝕙𝕒𝕝𝕖𝕪༺ ཐི༏ཋྀ󠀮,780
screeningnotes,ScreeningNotes,3399
kristenyoonsoo,KYK,2640
notmerii,mary,356
peskypaul,peskypaul,869
estheronfilm,esther,938
juggernaut323,{Todd},10688
jacquelinelai,jacquelinelai,26
brendohare,brendan o'hare,383
melodramafilms,mathew,317
marshayame,Marshall 🌞,1246
fcbarcelona,fcbarcelona,16
giggly_governor,dipshit,5
bailey0,Bailey,101
dave,Dave Vis,234
maaapple,Maaapple,176
kyledunne,kyle,1418
bobbywags,Bobby Wagner,448
breramjit,bre,1045
arkhamoutlaw10,Logan Kenny,1557
imstuckinahole,sam,244
cswood,Supernatural Horror,2136
paulswhtn,Paul,2486
brofromanother,Adam Nayman,454
benjigotfried,Benjigotfried,1787
yijian,YI JIAN,1194
benoftheweek,benoftheweek,612
bertz,B E R T,4743
miakhalifa93,Mia K.,77
cuqui,cookie,815
cinemonika,cinemonika,657
gregs1999,gregs1999,3604
rendyjones,Rendy Jones,2043
kurtis_conner,kurtis_conner,17
themagicworlds,cariel,1356
tylercwhitmore,Tyler Whitmore,1947
3c_films,Cris Parker,101
mjohnson18,Matt!,545
jurassicstark,Holly-Beth,1972
yazzjames,yazz! *･ﾟ✧,996
kylercrews,Kyler,2875
oscos,mariano,666
lilyblumski,Lily,52
matthewelliss7,Matthew Ellis,436
haiduc,Haiduc,952
flynnryder,lauren,1877
hzjoett,Joe,120
zaragwen,ZaraGwen,5642
hepburnluv,alanisㅤ󠀠󠀠󠀠,638
jbouie,Jamelle Bouie,1019
thomasflight,Thomas Flight,904
citizenhal,HAL,4059
mildredsfierce,Sara Clements,2340
traintobusan,rachel,1592
itsnacool,Nakul,1132
drewisgooden,drew gooden,25
amanistar,amanistar,435
alovelynite,ty,3138
elcochran90,Edgar Cochran ✝️,4905
ihe,IHE,155
ghostxd1,𝙂𝙝𝙤𝙨𝙩𝘽𝙤𝙭𝙙,524
dirkbogarde,Chris 🍉,2966
apocalypsenow,👽hayley👽,629
karenhan,karen h.,755
valthemovieguy,ValTheMovieGuy,142
nevermore1985,Ian West,3141
geneparmesan,Brett Arnold,3732
incomingmail,ava adore,2296
vortexd,‮🐌‬,170
annreinking,Robin,3932
